[{"pk": 1, "model": "photogallery.video", "fields": {"comment": "", "title": "New England 100 Fly Tyrone Hutchinson", "photographer": null, "video": "/home/redtide-mods/rt_www/media//videos/502b2db388dc1ac682370efce28bcb1d.flv", "thumbfile": "/home/redtide-mods/rt_www/media//videos/thumbs/502b2db388dc1ac682370efce28bcb1d.png", "date_uploaded": "2007-05-14"}}, {"pk": 2, "model": "photogallery.video", "fields": {"comment": "", "title": "New England 100 Breast Emre Aydin", "photographer": null, "video": "/home/redtide-mods/rt_www/media//videos/69f5a9d39dbffa9fe30e9b9f718ffca9.flv", "thumbfile": "/home/redtide-mods/rt_www/media//videos/thumbs/69f5a9d39dbffa9fe30e9b9f718ffca9.png", "date_uploaded": "2007-05-14"}}, {"pk": 3, "model": "photogallery.video", "fields": {"comment": "", "title": "New England 100 Fly Emre Aydin", "photographer": null, "video": "/home/redtide-mods/rt_www/media//videos/8dd10bfbf0171986e67a5be1f887944a.flv", "thumbfile": "/home/redtide-mods/rt_www/media//videos/thumbs/8dd10bfbf0171986e67a5be1f887944a.png", "date_uploaded": "2007-05-14"}}, {"pk": 4, "model": "photogallery.video", "fields": {"comment": "", "title": "New England 100 Fly Sara Upton", "photographer": null, "video": "/home/redtide-mods/rt_www/media//videos/31beffe2cfc0cc9788a09880ed002363.flv", "thumbfile": "/home/redtide-mods/rt_www/media//videos/thumbs/31beffe2cfc0cc9788a09880ed002363.png", "date_uploaded": "2007-05-14"}}, {"pk": 5, "model": "photogallery.video", "fields": {"comment": "", "title": "New England 100 Free Chris Horgan", "photographer": null, "video": "/home/redtide-mods/rt_www/media//videos/305c261c01b282a99a661ff9dbfd9f3b.flv", "thumbfile": "/home/redtide-mods/rt_www/media//videos/thumbs/305c261c01b282a99a661ff9dbfd9f3b.png", "date_uploaded": "2007-05-14"}}, {"pk": 6, "model": "photogallery.video", "fields": {"comment": "", "title": "New England 100 Free Ed Craven", "photographer": null, "video": "/home/redtide-mods/rt_www/media//videos/963c8a95f4567cc88e9faa9d572ecced.flv", "thumbfile": "/home/redtide-mods/rt_www/media//videos/thumbs/963c8a95f4567cc88e9faa9d572ecced.png", "date_uploaded": "2007-05-14"}}, {"pk": 7, "model": "photogallery.video", "fields": {"comment": "", "title": "New England 100 Free Emery Chuang", "photographer": null, "video": "/home/redtide-mods/rt_www/media//videos/33583d8b38289067c5cbb69a05da0efe.flv", "thumbfile": "/home/redtide-mods/rt_www/media//videos/thumbs/33583d8b38289067c5cbb69a05da0efe.png", "date_uploaded": "2007-05-14"}}, {"pk": 8, "model": "photogallery.video", "fields": {"comment": "", "title": "New England 100 Free Sara Upton", "photographer": null, "video": "/home/redtide-mods/rt_www/media//videos/b85ed4a08b60ddaf5bd41e4d1d6d5db8.flv", "thumbfile": "/home/redtide-mods/rt_www/media//videos/thumbs/b85ed4a08b60ddaf5bd41e4d1d6d5db8.png", "date_uploaded": "2007-05-14"}}, {"pk": 9, "model": "photogallery.video", "fields": {"comment": "", "title": "New England 200 Medley Mixed Relay", "photographer": null, "video": "/home/redtide-mods/rt_www/media//videos/ef0168cfc64963d884d9a36280fb2152.flv", "thumbfile": "/home/redtide-mods/rt_www/media//videos/thumbs/ef0168cfc64963d884d9a36280fb2152.png", "date_uploaded": "2007-05-14"}}, {"pk": 10, "model": "photogallery.video", "fields": {"comment": "", "title": "New England 50 Breast Emre Aydin", "photographer": null, "video": "/home/redtide-mods/rt_www/media//videos/2211c99c23568a63dba47d13e8388235.flv", "thumbfile": "/home/redtide-mods/rt_www/media//videos/thumbs/2211c99c23568a63dba47d13e8388235.png", "date_uploaded": "2007-05-14"}}, {"pk": 11, "model": "photogallery.video", "fields": {"comment": "", "title": "New England 50 Fly Eldar Beiseitov", "photographer": null, "video": "/home/redtide-mods/rt_www/media//videos/5cbb4507f9ee7016e3c917b93076b593.flv", "thumbfile": "/home/redtide-mods/rt_www/media//videos/thumbs/5cbb4507f9ee7016e3c917b93076b593.png", "date_uploaded": "2007-05-14"}}, {"pk": 12, "model": "photogallery.video", "fields": {"comment": "", "title": "New England 50 Fly Jackie Lee", "photographer": null, "video": "/home/redtide-mods/rt_www/media//videos/348bac8f1c69e45c53bddc656a9a22dd.flv", "thumbfile": "/home/redtide-mods/rt_www/media//videos/thumbs/348bac8f1c69e45c53bddc656a9a22dd.png", "date_uploaded": "2007-05-14"}}, {"pk": 13, "model": "photogallery.video", "fields": {"comment": "", "title": "New England 50 Fly Lian Tay", "photographer": null, "video": "/home/redtide-mods/rt_www/media//videos/db32016d970c4f025b6ba2d9dbedd8f8.flv", "thumbfile": "/home/redtide-mods/rt_www/media//videos/thumbs/db32016d970c4f025b6ba2d9dbedd8f8.png", "date_uploaded": "2007-05-14"}}, {"pk": 14, "model": "photogallery.video", "fields": {"comment": "", "title": "New England 50 Fly Maggie Meehan", "photographer": null, "video": "/home/redtide-mods/rt_www/media//videos/c8c33725f5a7757367b3120ec8f06663.flv", "thumbfile": "/home/redtide-mods/rt_www/media//videos/thumbs/c8c33725f5a7757367b3120ec8f06663.png", "date_uploaded": "2007-05-14"}}, {"pk": 15, "model": "photogallery.video", "fields": {"comment": "", "title": "New England 50 Fly Sarah Groff-Palermo", "photographer": null, "video": "/home/redtide-mods/rt_www/media//videos/81194180a9c6e6a5210f4e53e17c5799.flv", "thumbfile": "/home/redtide-mods/rt_www/media//videos/thumbs/81194180a9c6e6a5210f4e53e17c5799.png", "date_uploaded": "2007-05-14"}}, {"pk": 16, "model": "photogallery.video", "fields": {"comment": "", "title": "New England 50 Fly Tyrone & Jeremy Fain", "photographer": null, "video": "/home/redtide-mods/rt_www/media//videos/45a5d388bffba5c75cc922530d6575dd.flv", "thumbfile": "/home/redtide-mods/rt_www/media//videos/thumbs/45a5d388bffba5c75cc922530d6575dd.png", "date_uploaded": "2007-05-14"}}, {"pk": 17, "model": "photogallery.video", "fields": {"comment": "", "title": "New England 50 Free Emery Chuang", "photographer": null, "video": "/home/redtide-mods/rt_www/media//videos/340e6af9e2070cd208df6aab1298c72a.flv", "thumbfile": "/home/redtide-mods/rt_www/media//videos/thumbs/340e6af9e2070cd208df6aab1298c72a.png", "date_uploaded": "2007-05-14"}}, {"pk": 18, "model": "photogallery.video", "fields": {"comment": "", "title": "New England 50 Free Kevin Lahoda", "photographer": null, "video": "/home/redtide-mods/rt_www/media//videos/82994e1e8f5555a01c1befddfbd8214c.flv", "thumbfile": "/home/redtide-mods/rt_www/media//videos/thumbs/82994e1e8f5555a01c1befddfbd8214c.png", "date_uploaded": "2007-05-14"}}, {"pk": 19, "model": "photogallery.video", "fields": {"comment": "", "title": "New England 50 Free Kristin Gary", "photographer": null, "video": "/home/redtide-mods/rt_www/media//videos/90f1365375152e9000da81f5087b464c.flv", "thumbfile": "/home/redtide-mods/rt_www/media//videos/thumbs/90f1365375152e9000da81f5087b464c.png", "date_uploaded": "2007-05-14"}}, {"pk": 20, "model": "photogallery.video", "fields": {"comment": "", "title": "New England 50 Free Sara Upton", "photographer": null, "video": "/home/redtide-mods/rt_www/media//videos/c224574a3358aa4fca8267fe05b894e4.flv", "thumbfile": "/home/redtide-mods/rt_www/media//videos/thumbs/c224574a3358aa4fca8267fe05b894e4.png", "date_uploaded": "2007-05-14"}}, {"pk": 21, "model": "photogallery.video", "fields": {"comment": "", "title": "New England 50 Free Tyrone Hutchinson", "photographer": null, "video": "/home/redtide-mods/rt_www/media//videos/b048bc67254f0abc8af9f9d2282431bb.flv", "thumbfile": "/home/redtide-mods/rt_www/media//videos/thumbs/b048bc67254f0abc8af9f9d2282431bb.png", "date_uploaded": "2007-05-14"}}, {"pk": 22, "model": "photogallery.video", "fields": {"comment": "", "title": "New England 50 Free Jackie Lee", "photographer": null, "video": "/home/redtide-mods/rt_www/media//videos/e803d5ae816624fa269f9fa80b7430f0.flv", "thumbfile": "/home/redtide-mods/rt_www/media//videos/thumbs/e803d5ae816624fa269f9fa80b7430f0.png", "date_uploaded": "2007-05-14"}}, {"pk": 23, "model": "photogallery.video", "fields": {"comment": "", "title": "Nats Chris 200 IM", "photographer": null, "video": "/home/redtide-mods/rt_www/media//videos/0a795b81bd8c188f79bff42546af598b.flv", "thumbfile": "/home/redtide-mods/rt_www/media//videos/thumbs/0a795b81bd8c188f79bff42546af598b.png", "date_uploaded": "2007-05-23"}}, {"pk": 24, "model": "photogallery.video", "fields": {"comment": "", "title": "Nats Emre 100 BR", "photographer": null, "video": "/home/redtide-mods/rt_www/media//videos/3a986847a3c32ceeb7260f98ef88cd30.flv", "thumbfile": "/home/redtide-mods/rt_www/media//videos/thumbs/3a986847a3c32ceeb7260f98ef88cd30.png", "date_uploaded": "2007-05-23"}}, {"pk": 25, "model": "photogallery.video", "fields": {"comment": "", "title": "Nats Emre 50 Fly", "photographer": null, "video": "/home/redtide-mods/rt_www/media//videos/842b5972e302b456c52132ed2700a4e2.flv", "thumbfile": "/home/redtide-mods/rt_www/media//videos/thumbs/842b5972e302b456c52132ed2700a4e2.png", "date_uploaded": "2007-05-23"}}, {"pk": 26, "model": "photogallery.video", "fields": {"comment": "", "title": "Nats Jackie 100 BR", "photographer": null, "video": "/home/redtide-mods/rt_www/media//videos/136e7daeef54366e6ec5052a54ff651a.flv", "thumbfile": "/home/redtide-mods/rt_www/media//videos/thumbs/136e7daeef54366e6ec5052a54ff651a.png", "date_uploaded": "2007-05-23"}}, {"pk": 27, "model": "photogallery.video", "fields": {"comment": "", "title": "Nats Jackie 200 BR", "photographer": null, "video": "/home/redtide-mods/rt_www/media//videos/0eee294a5921644a57c26c77128382a0.flv", "thumbfile": "/home/redtide-mods/rt_www/media//videos/thumbs/0eee294a5921644a57c26c77128382a0.png", "date_uploaded": "2007-05-23"}}, {"pk": 28, "model": "photogallery.video", "fields": {"comment": "", "title": "Nats Jackie 200 FLY", "photographer": null, "video": "/home/redtide-mods/rt_www/media//videos/71573258b2b51cb6ee33c0df71d17b89.flv", "thumbfile": "/home/redtide-mods/rt_www/media//videos/thumbs/71573258b2b51cb6ee33c0df71d17b89.png", "date_uploaded": "2007-05-23"}}, {"pk": 29, "model": "photogallery.video", "fields": {"comment": "", "title": "Nats Jackie 50 FLY", "photographer": null, "video": "/home/redtide-mods/rt_www/media//videos/504e8693efa76d8edee476a3ad3dbabe.flv", "thumbfile": "/home/redtide-mods/rt_www/media//videos/thumbs/504e8693efa76d8edee476a3ad3dbabe.png", "date_uploaded": "2007-05-23"}}, {"pk": 30, "model": "photogallery.video", "fields": {"comment": "", "title": "Nats Jeremy 100 BR", "photographer": null, "video": "/home/redtide-mods/rt_www/media//videos/3a8b80235cc3c9f3df2dc04b73d8a4d0.flv", "thumbfile": "/home/redtide-mods/rt_www/media//videos/thumbs/3a8b80235cc3c9f3df2dc04b73d8a4d0.png", "date_uploaded": "2007-05-23"}}, {"pk": 31, "model": "photogallery.video", "fields": {"comment": "", "title": "Nats Jeremy 100 FR", "photographer": null, "video": "/home/redtide-mods/rt_www/media//videos/940bce92b7110981efc362ce974bdaf9.flv", "thumbfile": "/home/redtide-mods/rt_www/media//videos/thumbs/940bce92b7110981efc362ce974bdaf9.png", "date_uploaded": "2007-05-23"}}, {"pk": 32, "model": "photogallery.video", "fields": {"comment": "", "title": "Nats Jeremy 50 FLY", "photographer": null, "video": "/home/redtide-mods/rt_www/media//videos/3a00f0e1eac0b7946866fbb36a502858.flv", "thumbfile": "/home/redtide-mods/rt_www/media//videos/thumbs/3a00f0e1eac0b7946866fbb36a502858.png", "date_uploaded": "2007-05-23"}}, {"pk": 33, "model": "photogallery.video", "fields": {"comment": "", "title": "Nats Jeremy 50 FR", "photographer": null, "video": "/home/redtide-mods/rt_www/media//videos/38b133bb1bb2af304159a5f1bf4879db.flv", "thumbfile": "/home/redtide-mods/rt_www/media//videos/thumbs/38b133bb1bb2af304159a5f1bf4879db.png", "date_uploaded": "2007-05-23"}}, {"pk": 34, "model": "photogallery.video", "fields": {"comment": "", "title": "Nats Kristin 100 FR", "photographer": null, "video": "/home/redtide-mods/rt_www/media//videos/644d2daef835bf5c178e2534e1155053.flv", "thumbfile": "/home/redtide-mods/rt_www/media//videos/thumbs/644d2daef835bf5c178e2534e1155053.png", "date_uploaded": "2007-05-23"}}, {"pk": 35, "model": "photogallery.video", "fields": {"comment": "", "title": "Nationals Emre 50 Breast", "photographer": null, "video": "/home/redtide-mods/rt_www/media//videos/c419f2bbc9f685f6bdbccb5ba4686bcd.flv", "thumbfile": "/home/redtide-mods/rt_www/media//videos/thumbs/c419f2bbc9f685f6bdbccb5ba4686bcd.png", "date_uploaded": "2007-05-23"}}, {"pk": 36, "model": "photogallery.video", "fields": {"comment": "", "title": "Nationals Chris Horgan 100 Back", "photographer": null, "video": "/home/redtide-mods/rt_www/media//videos/cfad26a2e5270d749e2a57bee7f593e2.flv", "thumbfile": "/home/redtide-mods/rt_www/media//videos/thumbs/cfad26a2e5270d749e2a57bee7f593e2.png", "date_uploaded": "2007-05-23"}}, {"pk": 37, "model": "photogallery.video", "fields": {"comment": "", "title": "Nationals Kristin Gary & Anna Armentrout 100 Back", "photographer": null, "video": "/home/redtide-mods/rt_www/media//videos/da180ce109e12adaf0c24a4c1432220f.flv", "thumbfile": "/home/redtide-mods/rt_www/media//videos/thumbs/da180ce109e12adaf0c24a4c1432220f.png", "date_uploaded": "2007-05-23"}}, {"pk": 38, "model": "photogallery.video", "fields": {"comment": "", "title": "Nats Kristin 100 IM", "photographer": null, "video": "/home/redtide-mods/rt_www/media//videos/8e3516bc6ad97ed5a19c1e8745f4978e.flv", "thumbfile": "/home/redtide-mods/rt_www/media//videos/thumbs/8e3516bc6ad97ed5a19c1e8745f4978e.png", "date_uploaded": "2007-05-23"}}, {"pk": 39, "model": "photogallery.video", "fields": {"comment": "", "title": "Nats Kristin and Anna 200 BK", "photographer": null, "video": "/home/redtide-mods/rt_www/media//videos/1c46ef82871e791b4fcaa7d6cb6d4716.flv", "thumbfile": "/home/redtide-mods/rt_www/media//videos/thumbs/1c46ef82871e791b4fcaa7d6cb6d4716.png", "date_uploaded": "2007-05-24"}}, {"pk": 40, "model": "photogallery.video", "fields": {"comment": "", "title": null, "photographer": null, "video": "/home/redtide-mods/rt_www/media//videos/1c46ef82871e791b4fcaa7d6cb6d4716.flv", "thumbfile": "/home/redtide-mods/rt_www/media//videos/thumbs/1c46ef82871e791b4fcaa7d6cb6d4716.png", "date_uploaded": "2007-05-24"}}, {"pk": 41, "model": "photogallery.video", "fields": {"comment": "", "title": null, "photographer": null, "video": "/home/redtide-mods/rt_www/media//videos/1c46ef82871e791b4fcaa7d6cb6d4716.flv", "thumbfile": "/home/redtide-mods/rt_www/media//videos/thumbs/1c46ef82871e791b4fcaa7d6cb6d4716.png", "date_uploaded": "2007-05-24"}}, {"pk": 42, "model": "photogallery.video", "fields": {"comment": "", "title": "Nats Kristin 50 BK", "photographer": null, "video": "/home/redtide-mods/rt_www/media//videos/710ad54dc9646bc6cc3930baa70e3995.flv", "thumbfile": "/home/redtide-mods/rt_www/media//videos/thumbs/710ad54dc9646bc6cc3930baa70e3995.png", "date_uploaded": "2007-05-24"}}, {"pk": 43, "model": "photogallery.video", "fields": {"comment": "", "title": "Nats Mary 100 BR", "photographer": null, "video": "/home/redtide-mods/rt_www/media//videos/eb82b9351e5e95d5feef8cab4cf712ed.flv", "thumbfile": "/home/redtide-mods/rt_www/media//videos/thumbs/eb82b9351e5e95d5feef8cab4cf712ed.png", "date_uploaded": "2007-05-24"}}, {"pk": 44, "model": "photogallery.video", "fields": {"comment": "", "title": "Nats Mary 200 BR", "photographer": null, "video": "/home/redtide-mods/rt_www/media//videos/777be9c6b1e58ad4fd065f45efaaeacd.flv", "thumbfile": "/home/redtide-mods/rt_www/media//videos/thumbs/777be9c6b1e58ad4fd065f45efaaeacd.png", "date_uploaded": "2007-05-24"}}, {"pk": 45, "model": "photogallery.video", "fields": {"comment": "", "title": "Nats Mary 50 FLY", "photographer": null, "video": "/home/redtide-mods/rt_www/media//videos/6e8932d787f5e4cb593a2d412b2b1b5b.flv", "thumbfile": "/home/redtide-mods/rt_www/media//videos/thumbs/6e8932d787f5e4cb593a2d412b2b1b5b.png", "date_uploaded": "2007-05-24"}}, {"pk": 46, "model": "photogallery.video", "fields": {"comment": "", "title": "Nats Sarah GP 50 FLY", "photographer": null, "video": "/home/redtide-mods/rt_www/media//videos/be5629e1aa2585c0c44a1a6d4c8c5556.flv", "thumbfile": "/home/redtide-mods/rt_www/media//videos/thumbs/be5629e1aa2585c0c44a1a6d4c8c5556.png", "date_uploaded": "2007-05-24"}}, {"pk": 2, "model": "photogallery.gallery", "fields": {"date": "2007-02-14", "creator": 31, "title": "Viva Acapulco!"}}, {"pk": 3, "model": "photogallery.gallery", "fields": {"date": "2007-02-16", "creator": null, "title": "Red Tide Bowling"}}, {"pk": 4, "model": "photogallery.gallery", "fields": {"date": "2007-02-16", "creator": null, "title": "Nationals - Coral Springs FL, 2006"}}, {"pk": 5, "model": "photogallery.gallery", "fields": {"date": "2007-02-16", "creator": null, "title": "Wilton Y Meet & Pool Party"}}, {"pk": 6, "model": "photogallery.gallery", "fields": {"date": "2007-02-16", "creator": null, "title": "Acapulco or Bust!"}}, {"pk": 7, "model": "photogallery.gallery", "fields": {"date": "2007-02-17", "creator": null, "title": "TTNYC 2007"}}, {"pk": 8, "model": "photogallery.gallery", "fields": {"date": "2007-02-18", "creator": null, "title": " Weekend in Acapulco"}}, {"pk": 9, "model": "photogallery.gallery", "fields": {"date": "2007-02-18", "creator": null, "title": "More from Acapulco"}}, {"pk": 12, "model": "photogallery.gallery", "fields": {"date": "2007-02-20", "creator": null, "title": "Westport Y 2007"}}, {"pk": 13, "model": "photogallery.gallery", "fields": {"date": "2007-04-20", "creator": null, "title": "Happy Hour"}}, {"pk": 14, "model": "photogallery.gallery", "fields": {"date": "2007-04-20", "creator": null, "title": "New England Champs 2007"}}, {"pk": 65, "model": "photogallery.photo", "fields": {"title": "\"Le Moulin\" and \"Papillon\"", "photographer": null, "image": "/home/redtide-mods/rt_www/media/photos/IMG_3984.JPG", "date": "2007-02-16", "gallery": 7, "desc": "Who needs Acapulco when you've got MaryAnn's?"}}, {"pk": 6, "model": "photogallery.photo", "fields": {"title": "Beats New York's coastline!", "photographer": null, "image": "/home/redtide-mods/rt_www/media/photos/683fedccebb60e833ebf7e8b0635b303.jpg", "date": null, "gallery": 2, "desc": ""}}, {"pk": 7, "model": "photogallery.photo", "fields": {"title": "The Olympic Pool", "photographer": null, "image": "/home/redtide-mods/rt_www/media/photos/acb9506b87e811bd584d4031d565ddc4.jpg", "date": null, "gallery": 2, "desc": ""}}, {"pk": 8, "model": "photogallery.photo", "fields": {"title": "Red Tide Acapulco", "photographer": null, "image": "/home/redtide-mods/rt_www/media/photos/4bfeae76712f84e8752d1c49c2734027.jpg", "date": null, "gallery": 2, "desc": ""}}, {"pk": 9, "model": "photogallery.photo", "fields": {"title": "", "photographer": null, "image": "/home/redtide-mods/rt_www/media/photos/adamjill.jpg", "date": null, "gallery": 3, "desc": ""}}, {"pk": 10, "model": "photogallery.photo", "fields": {"title": "", "photographer": null, "image": "/home/redtide-mods/rt_www/media/photos/bowl.jpg", "date": null, "gallery": 3, "desc": ""}}, {"pk": 11, "model": "photogallery.photo", "fields": {"title": "", "photographer": null, "image": "/home/redtide-mods/rt_www/media/photos/bowling.jpg", "date": null, "gallery": 3, "desc": ""}}, {"pk": 13, "model": "photogallery.photo", "fields": {"title": "", "photographer": null, "image": "/home/redtide-mods/rt_www/media/photos/grouppic.jpg", "date": null, "gallery": 3, "desc": ""}}, {"pk": 14, "model": "photogallery.photo", "fields": {"title": "", "photographer": null, "image": "/home/redtide-mods/rt_www/media/photos/jenjackiepatrick.jpg", "date": null, "gallery": 3, "desc": ""}}, {"pk": 15, "model": "photogallery.photo", "fields": {"title": "", "photographer": null, "image": "/home/redtide-mods/rt_www/media/photos/jenjackiesara.jpg", "date": null, "gallery": 3, "desc": ""}}, {"pk": 16, "model": "photogallery.photo", "fields": {"title": "", "photographer": null, "image": "/home/redtide-mods/rt_www/media/photos/rtgirls2.jpg", "date": null, "gallery": 3, "desc": ""}}, {"pk": 17, "model": "photogallery.photo", "fields": {"title": "Tyrone, Fred, Jim", "photographer": 28, "image": "/home/redtide-mods/rt_www/media/photos/tyronefredjim.jpg", "date": null, "gallery": 3, "desc": ""}}, {"pk": 18, "model": "photogallery.photo", "fields": {"title": "", "photographer": null, "image": "/home/redtide-mods/rt_www/media/photos/action.jpg", "date": null, "gallery": 4, "desc": ""}}, {"pk": 19, "model": "photogallery.photo", "fields": {"title": "", "photographer": null, "image": "/home/redtide-mods/rt_www/media/photos/blocks.jpg", "date": null, "gallery": 4, "desc": ""}}, {"pk": 20, "model": "photogallery.photo", "fields": {"title": "", "photographer": null, "image": "/home/redtide-mods/rt_www/media/photos/cheering.jpg", "date": null, "gallery": 4, "desc": ""}}, {"pk": 21, "model": "photogallery.photo", "fields": {"title": "", "photographer": null, "image": "/home/redtide-mods/rt_www/media/photos/erin.jpg", "date": null, "gallery": 4, "desc": ""}}, {"pk": 22, "model": "photogallery.photo", "fields": {"title": "Erin, and Ma", "photographer": 28, "image": "/home/redtide-mods/rt_www/media/photos/erinandmom.jpg", "date": null, "gallery": 4, "desc": ""}}, {"pk": 23, "model": "photogallery.photo", "fields": {"title": "", "photographer": null, "image": "/home/redtide-mods/rt_www/media/photos/erincliff.jpg", "date": null, "gallery": 4, "desc": ""}}, {"pk": 24, "model": "photogallery.photo", "fields": {"title": "Fred, communing with Ipod", "photographer": 28, "image": "/home/redtide-mods/rt_www/media/photos/fred.jpg", "date": null, "gallery": 4, "desc": ""}}, {"pk": 25, "model": "photogallery.photo", "fields": {"title": "", "photographer": null, "image": "/home/redtide-mods/rt_www/media/photos/fredsara.jpg", "date": null, "gallery": 4, "desc": ""}}, {"pk": 26, "model": "photogallery.photo", "fields": {"title": "", "photographer": null, "image": "/home/redtide-mods/rt_www/media/photos/goredtide.jpg", "date": null, "gallery": 4, "desc": ""}}, {"pk": 27, "model": "photogallery.photo", "fields": {"title": "", "photographer": null, "image": "/home/redtide-mods/rt_www/media/photos/gosara.jpg", "date": null, "gallery": 4, "desc": ""}}, {"pk": 28, "model": "photogallery.photo", "fields": {"title": "", "photographer": null, "image": "/home/redtide-mods/rt_www/media/photos/jackiesara.jpg", "date": null, "gallery": 4, "desc": ""}}, {"pk": 29, "model": "photogallery.photo", "fields": {"title": "Jane and Anna, ready to race", "photographer": 28, "image": "/home/redtide-mods/rt_www/media/photos/janeannafred.jpg", "date": null, "gallery": 4, "desc": ""}}, {"pk": 30, "model": "photogallery.photo", "fields": {"title": "", "photographer": null, "image": "/home/redtide-mods/rt_www/media/photos/janesara.jpg", "date": null, "gallery": 4, "desc": ""}}, {"pk": 31, "model": "photogallery.photo", "fields": {"title": "", "photographer": null, "image": "/home/redtide-mods/rt_www/media/photos/kg.jpg", "date": null, "gallery": 4, "desc": ""}}, {"pk": 32, "model": "photogallery.photo", "fields": {"title": "", "photographer": null, "image": "/home/redtide-mods/rt_www/media/photos/lounging.jpg", "date": null, "gallery": 4, "desc": ""}}, {"pk": 33, "model": "photogallery.photo", "fields": {"title": "", "photographer": null, "image": "/home/redtide-mods/rt_www/media/photos/random.jpg", "date": null, "gallery": 4, "desc": ""}}, {"pk": 34, "model": "photogallery.photo", "fields": {"title": "", "photographer": null, "image": "/home/redtide-mods/rt_www/media/photos/relay.jpg", "date": null, "gallery": 4, "desc": ""}}, {"pk": 35, "model": "photogallery.photo", "fields": {"title": "", "photographer": null, "image": "/home/redtide-mods/rt_www/media/photos/robert.jpg", "date": null, "gallery": 4, "desc": ""}}, {"pk": 36, "model": "photogallery.photo", "fields": {"title": "", "photographer": null, "image": "/home/redtide-mods/rt_www/media/photos/rtboys.jpg", "date": null, "gallery": 4, "desc": ""}}, {"pk": 37, "model": "photogallery.photo", "fields": {"title": "", "photographer": null, "image": "/home/redtide-mods/rt_www/media/photos/rtgirls.jpg", "date": null, "gallery": 4, "desc": ""}}, {"pk": 38, "model": "photogallery.photo", "fields": {"title": "", "photographer": null, "image": "/home/redtide-mods/rt_www/media/photos/sarailana.jpg", "date": null, "gallery": 4, "desc": ""}}, {"pk": 39, "model": "photogallery.photo", "fields": {"title": "", "photographer": null, "image": "/home/redtide-mods/rt_www/media/photos/sgpvlad.jpg", "date": null, "gallery": 4, "desc": ""}}, {"pk": 40, "model": "photogallery.photo", "fields": {"title": "", "photographer": null, "image": "/home/redtide-mods/rt_www/media/photos/spencer.jpg", "date": null, "gallery": 4, "desc": ""}}, {"pk": 41, "model": "photogallery.photo", "fields": {"title": "", "photographer": null, "image": "/home/redtide-mods/rt_www/media/photos/IMG_0724.JPG", "date": null, "gallery": 5, "desc": ""}}, {"pk": 42, "model": "photogallery.photo", "fields": {"title": "", "photographer": null, "image": "/home/redtide-mods/rt_www/media/photos/IMG_0725.JPG", "date": null, "gallery": 5, "desc": ""}}, {"pk": 43, "model": "photogallery.photo", "fields": {"title": "", "photographer": null, "image": "/home/redtide-mods/rt_www/media/photos/kristinliansara.JPG", "date": null, "gallery": 5, "desc": ""}}, {"pk": 44, "model": "photogallery.photo", "fields": {"title": "", "photographer": null, "image": "/home/redtide-mods/rt_www/media/photos/IMG_0721.JPG", "date": null, "gallery": 5, "desc": ""}}, {"pk": 45, "model": "photogallery.photo", "fields": {"title": "", "photographer": null, "image": "/home/redtide-mods/rt_www/media/photos/IMG_0728_2.JPG", "date": null, "gallery": 5, "desc": ""}}, {"pk": 46, "model": "photogallery.photo", "fields": {"title": "", "photographer": null, "image": "/home/redtide-mods/rt_www/media/photos/IMG_0731_2.JPG", "date": null, "gallery": 5, "desc": ""}}, {"pk": 47, "model": "photogallery.photo", "fields": {"title": "", "photographer": null, "image": "/home/redtide-mods/rt_www/media/photos/IMG_0732_2.JPG", "date": null, "gallery": 5, "desc": ""}}, {"pk": 48, "model": "photogallery.photo", "fields": {"title": "", "photographer": null, "image": "/home/redtide-mods/rt_www/media/photos/IMG_0733_2.JPG", "date": null, "gallery": 5, "desc": ""}}, {"pk": 49, "model": "photogallery.photo", "fields": {"title": "Midnight madness", "photographer": null, "image": "/home/redtide-mods/rt_www/media/photos/DSC02771resized.JPG", "date": null, "gallery": 6, "desc": ""}}, {"pk": 50, "model": "photogallery.photo", "fields": {"title": "View from the house", "photographer": null, "image": "/home/redtide-mods/rt_www/media/photos/DSC02773resized.JPG", "date": null, "gallery": 6, "desc": ""}}, {"pk": 51, "model": "photogallery.photo", "fields": {"title": "Bikini Babes", "photographer": null, "image": "/home/redtide-mods/rt_www/media/photos/DSC02776resized.JPG", "date": null, "gallery": 6, "desc": ""}}, {"pk": 52, "model": "photogallery.photo", "fields": {"title": "Patrick the Pirate", "photographer": null, "image": "/home/redtide-mods/rt_www/media/photos/DSC02780resized.JPG", "date": null, "gallery": 6, "desc": ""}}, {"pk": 53, "model": "photogallery.photo", "fields": {"title": "Jeremy filling out Patrick's bathing suit", "photographer": null, "image": "/home/redtide-mods/rt_www/media/photos/DSC02782resized.JPG", "date": null, "gallery": 6, "desc": ""}}, {"pk": 54, "model": "photogallery.photo", "fields": {"title": "Pool time", "photographer": null, "image": "/home/redtide-mods/rt_www/media/photos/DSC02783resized.JPG", "date": null, "gallery": 6, "desc": ""}}, {"pk": 55, "model": "photogallery.photo", "fields": {"title": "", "photographer": null, "image": "/home/redtide-mods/rt_www/media/photos/IMG_4004.JPG", "date": null, "gallery": null, "desc": ""}}, {"pk": 56, "model": "photogallery.photo", "fields": {"title": "", "photographer": null, "image": "/home/redtide-mods/rt_www/media/photos/IMG_4003.JPG", "date": null, "gallery": 7, "desc": ""}}, {"pk": 58, "model": "photogallery.photo", "fields": {"title": "Sarah and Coach", "photographer": null, "image": "/home/redtide-mods/rt_www/media/photos/IMG_4000.JPG", "date": null, "gallery": 7, "desc": ""}}, {"pk": 59, "model": "photogallery.photo", "fields": {"title": "Day 3 of TTNYC - T-shirts and Margaritas", "photographer": null, "image": "/home/redtide-mods/rt_www/media/photos/IMG_3997.JPG", "date": null, "gallery": 7, "desc": ""}}, {"pk": 61, "model": "photogallery.photo", "fields": {"title": "T-shirt Babes", "photographer": null, "image": "/home/redtide-mods/rt_www/media/photos/IMG_3992.JPG", "date": null, "gallery": 7, "desc": ""}}, {"pk": 64, "model": "photogallery.photo", "fields": {"title": "", "photographer": null, "image": "/home/redtide-mods/rt_www/media/photos/IMG_3985.JPG", "date": null, "gallery": 7, "desc": ""}}, {"pk": 67, "model": "photogallery.photo", "fields": {"title": "", "photographer": null, "image": "/home/redtide-mods/rt_www/media/photos/IMG_3978.JPG", "date": null, "gallery": 7, "desc": ""}}, {"pk": 68, "model": "photogallery.photo", "fields": {"title": "", "photographer": null, "image": "/home/redtide-mods/rt_www/media/photos/IMG_3977.JPG", "date": null, "gallery": 7, "desc": ""}}, {"pk": 69, "model": "photogallery.photo", "fields": {"title": "At Neighborhoodies", "photographer": null, "image": "/home/redtide-mods/rt_www/media/photos/IMG_3973.JPG", "date": null, "gallery": 7, "desc": ""}}, {"pk": 70, "model": "photogallery.photo", "fields": {"title": "Making t-shirts is hard...", "photographer": null, "image": "/home/redtide-mods/rt_www/media/photos/IMG_3969.JPG", "date": null, "gallery": 7, "desc": ""}}, {"pk": 71, "model": "photogallery.photo", "fields": {"title": "Commuting to Two a Days", "photographer": null, "image": "/home/redtide-mods/rt_www/media/photos/Fixed_3963.jpg", "date": null, "gallery": 7, "desc": ""}}, {"pk": 72, "model": "photogallery.photo", "fields": {"title": "Sara fuels up between practices", "photographer": null, "image": "/home/redtide-mods/rt_www/media/photos/IMG_3961.JPG", "date": null, "gallery": 7, "desc": ""}}, {"pk": 73, "model": "photogallery.photo", "fields": {"title": "Stigmata from Tyrone's Dryland", "photographer": null, "image": "/home/redtide-mods/rt_www/media/photos/IMG_3960.JPG", "date": null, "gallery": 7, "desc": ""}}, {"pk": 74, "model": "photogallery.photo", "fields": {"title": "breakfast of champions, and mid-morning snack of champions, and lunch...", "photographer": null, "image": "/home/redtide-mods/rt_www/media/photos/IMG_3957.JPG", "date": null, "gallery": 7, "desc": ""}}, {"pk": 75, "model": "photogallery.photo", "fields": {"title": "Cookie Loading", "photographer": null, "image": "/home/redtide-mods/rt_www/media/photos/IMG_3954.JPG", "date": null, "gallery": 7, "desc": ""}}, {"pk": 76, "model": "photogallery.photo", "fields": {"title": "Anna at Casa Upton", "photographer": null, "image": "/home/redtide-mods/rt_www/media/photos/IMG_3953.JPG", "date": null, "gallery": 7, "desc": ""}}, {"pk": 78, "model": "photogallery.photo", "fields": {"title": "Relaxing at Casa Upton", "photographer": null, "image": "/home/redtide-mods/rt_www/media/photos/IMG_3943.JPG", "date": null, "gallery": 7, "desc": ""}}, {"pk": 80, "model": "photogallery.photo", "fields": {"title": "", "photographer": null, "image": "/home/redtide-mods/rt_www/media/photos/IMG_1654.jpg", "date": null, "gallery": null, "desc": ""}}, {"pk": 82, "model": "photogallery.photo", "fields": {"title": "", "photographer": null, "image": "/home/redtide-mods/rt_www/media/photos/IMG_1676.jpg", "date": null, "gallery": 12, "desc": ""}}, {"pk": 83, "model": "photogallery.photo", "fields": {"title": "When we are too tired to take the stairs.", "photographer": null, "image": "/home/redtide-mods/rt_www/media/photos/IMG_1787.jpg", "date": null, "gallery": 8, "desc": ""}}, {"pk": 84, "model": "photogallery.photo", "fields": {"title": "Chilling after 12,000 m workout", "photographer": null, "image": "/home/redtide-mods/rt_www/media/photos/IMG_1808.jpg", "date": null, "gallery": 8, "desc": ""}}, {"pk": 85, "model": "photogallery.photo", "fields": {"title": "Yoga the Red Tide Way", "photographer": null, "image": "/home/redtide-mods/rt_www/media/photos/IMG_1923.jpg", "date": null, "gallery": 8, "desc": ""}}, {"pk": 86, "model": "photogallery.photo", "fields": {"title": "Hector - our Acapulco host. ", "photographer": null, "image": "/home/redtide-mods/rt_www/media/photos/IMG_1931.jpg", "date": null, "gallery": 8, "desc": ""}}, {"pk": 87, "model": "photogallery.photo", "fields": {"title": "Acapulco Sunset on Crack", "photographer": null, "image": "/home/redtide-mods/rt_www/media/photos/IMG_1893.jpg", "date": null, "gallery": 8, "desc": ""}}, {"pk": 88, "model": "photogallery.photo", "fields": {"title": "", "photographer": null, "image": "/home/redtide-mods/rt_www/media/photos/IMG_1940.jpg", "date": null, "gallery": 9, "desc": ""}}, {"pk": 89, "model": "photogallery.photo", "fields": {"title": "Dios es mi piloto!", "photographer": null, "image": "/home/redtide-mods/rt_www/media/photos/IMG_1941.jpg", "date": null, "gallery": 8, "desc": ""}}, {"pk": 90, "model": "photogallery.photo", "fields": {"title": "it must be easier to swim across the ocean than do another on of those workouts.", "photographer": null, "image": "/home/redtide-mods/rt_www/media/photos/IMG_1979.jpg", "date": null, "gallery": 9, "desc": ""}}, {"pk": 91, "model": "photogallery.photo", "fields": {"title": "And this is how the iguanas see our house", "photographer": null, "image": "/home/redtide-mods/rt_www/media/photos/IMG_1982.jpg", "date": null, "gallery": 8, "desc": ""}}, {"pk": 101, "model": "photogallery.photo", "fields": {"title": "", "photographer": null, "image": "/home/redtide-mods/rt_www/media/photos/IMG_1684.jpg", "date": null, "gallery": 12, "desc": ""}}, {"pk": 103, "model": "photogallery.photo", "fields": {"title": "", "photographer": null, "image": "/home/redtide-mods/rt_www/media/photos/IMG_1691.jpg", "date": null, "gallery": 12, "desc": ""}}, {"pk": 104, "model": "photogallery.photo", "fields": {"title": "", "photographer": null, "image": "/home/redtide-mods/rt_www/media/photos/IMG_1699.jpg", "date": null, "gallery": 12, "desc": ""}}, {"pk": 105, "model": "photogallery.photo", "fields": {"title": "", "photographer": null, "image": "/home/redtide-mods/rt_www/media/photos/IMG_1700.jpg", "date": null, "gallery": 12, "desc": ""}}, {"pk": 107, "model": "photogallery.photo", "fields": {"title": "", "photographer": null, "image": "/home/redtide-mods/rt_www/media/photos/IMG_1702.jpg", "date": null, "gallery": 12, "desc": ""}}, {"pk": 108, "model": "photogallery.photo", "fields": {"title": "", "photographer": null, "image": "/home/redtide-mods/rt_www/media/photos/IMG_1703.jpg", "date": null, "gallery": 12, "desc": ""}}, {"pk": 109, "model": "photogallery.photo", "fields": {"title": "", "photographer": null, "image": "/home/redtide-mods/rt_www/media/photos/IMG_1704.jpg", "date": null, "gallery": 12, "desc": ""}}, {"pk": 111, "model": "photogallery.photo", "fields": {"title": "", "photographer": null, "image": "/home/redtide-mods/rt_www/media/photos/IMG_1747.jpg", "date": null, "gallery": 12, "desc": ""}}, {"pk": 112, "model": "photogallery.photo", "fields": {"title": "", "photographer": null, "image": "/home/redtide-mods/rt_www/media/photos/IMG_1749.jpg", "date": null, "gallery": null, "desc": ""}}, {"pk": 113, "model": "photogallery.photo", "fields": {"title": "", "photographer": null, "image": "/home/redtide-mods/rt_www/media/photos/IMG_1757.jpg", "date": null, "gallery": 12, "desc": ""}}, {"pk": 114, "model": "photogallery.photo", "fields": {"title": "Day 7 A.M. session- Why is Adam smiling?", "photographer": null, "image": "/home/redtide-mods/rt_www/media/photos/IMG_1102.JPG", "date": null, "gallery": 7, "desc": ""}}, {"pk": 115, "model": "photogallery.photo", "fields": {"title": "because he's going to break us...", "photographer": null, "image": "/home/redtide-mods/rt_www/media/photos/IMG_1103.JPG", "date": null, "gallery": 7, "desc": ""}}, {"pk": 116, "model": "photogallery.photo", "fields": {"title": "but not before GP lets us know what she thinks of it all.", "photographer": null, "image": "/home/redtide-mods/rt_www/media/photos/IMG_1104.JPG", "date": null, "gallery": 7, "desc": ""}}, {"pk": 117, "model": "photogallery.photo", "fields": {"title": "...with a 2,000 free set", "photographer": null, "image": "/home/redtide-mods/rt_www/media/photos/IMG_1105.JPG", "date": null, "gallery": 7, "desc": ""}}, {"pk": 118, "model": "photogallery.photo", "fields": {"title": "Calgon take me away!", "photographer": null, "image": "/home/redtide-mods/rt_www/media/photos/IMG_1094.JPG", "date": null, "gallery": 7, "desc": ""}}, {"pk": 119, "model": "photogallery.photo", "fields": {"title": "Is it all just a dream?", "photographer": null, "image": "/home/redtide-mods/rt_www/media/photos/IMG_1096.JPG", "date": null, "gallery": 7, "desc": ""}}, {"pk": 120, "model": "photogallery.photo", "fields": {"title": "Or a cold, endless waking nightmare", "photographer": null, "image": "/home/redtide-mods/rt_www/media/photos/IMG_1097.JPG", "date": null, "gallery": 7, "desc": ""}}, {"pk": 121, "model": "photogallery.photo", "fields": {"title": "JL & KY", "photographer": null, "image": "/home/redtide-mods/rt_www/media/photos/IMG_1099.JPG", "date": null, "gallery": 7, "desc": ""}}, {"pk": 122, "model": "photogallery.photo", "fields": {"title": "", "photographer": null, "image": "/home/redtide-mods/rt_www/media/photos/IMG_1100.JPG", "date": null, "gallery": 7, "desc": ""}}, {"pk": 123, "model": "photogallery.photo", "fields": {"title": "", "photographer": null, "image": "/home/redtide-mods/rt_www/media/photos/IMG_1101.JPG", "date": null, "gallery": null, "desc": ""}}, {"pk": 124, "model": "photogallery.photo", "fields": {"title": "Day 7 Dryland Session - Tyrone shows us how its done", "photographer": null, "image": "/home/redtide-mods/rt_www/media/photos/IMG_1108.JPG", "date": null, "gallery": 7, "desc": ""}}, {"pk": 125, "model": "photogallery.photo", "fields": {"title": "Anna \"burns it out\".  Oh yeah.", "photographer": null, "image": "/home/redtide-mods/rt_www/media/photos/IMG_1109.JPG", "date": null, "gallery": 7, "desc": ""}}, {"pk": 126, "model": "photogallery.photo", "fields": {"title": "Emory, from the office straight to the Chest Abductor.  Do it. ", "photographer": null, "image": "/home/redtide-mods/rt_www/media/photos/IMG_1112.JPG", "date": null, "gallery": 7, "desc": ""}}, {"pk": 127, "model": "photogallery.photo", "fields": {"title": "Now get in the water! This workout's going to be FUN.  (maniacal laughter)", "photographer": null, "image": "/home/redtide-mods/rt_www/media/photos/IMG_1119.JPG", "date": null, "gallery": 7, "desc": ""}}, {"pk": 129, "model": "photogallery.photo", "fields": {"title": "Congratulations Anna and SGP - it's over!", "photographer": null, "image": "/home/redtide-mods/rt_www/media/photos/IMG_1107.JPG", "date": null, "gallery": 7, "desc": ""}}, {"pk": 131, "model": "photogallery.photo", "fields": {"title": "", "photographer": null, "image": "/home/redtide-mods/rt_www/media/photos/IMG_1110.JPG", "date": null, "gallery": null, "desc": ""}}, {"pk": 135, "model": "photogallery.photo", "fields": {"title": "Day 8 AM Session - sick of it.", "photographer": null, "image": "/home/redtide-mods/rt_www/media/photos/AA.JPG", "date": null, "gallery": 7, "desc": ""}}, {"pk": 136, "model": "photogallery.photo", "fields": {"title": "Day 8 AM Session - SGP: the last one left smiling.", "photographer": null, "image": "/home/redtide-mods/rt_www/media/photos/SGP.JPG", "date": null, "gallery": 7, "desc": ""}}, {"pk": 137, "model": "photogallery.photo", "fields": {"title": "Day 8 AM Session - the face says it all", "photographer": null, "image": "/home/redtide-mods/rt_www/media/photos/JL.JPG", "date": null, "gallery": 7, "desc": ""}}, {"pk": 138, "model": "photogallery.photo", "fields": {"title": "Day 8 PM Session: Brett keeping the photogs at bay (he's sooo popular!)", "photographer": null, "image": "/home/redtide-mods/rt_www/media/photos/BF.JPG", "date": null, "gallery": 7, "desc": ""}}, {"pk": 139, "model": "photogallery.photo", "fields": {"title": "Don't be sad Fred, TTNYC 2008 is only a year away.", "photographer": null, "image": "/home/redtide-mods/rt_www/media/photos/FG.JPG", "date": null, "gallery": 7, "desc": ""}}, {"pk": 141, "model": "photogallery.photo", "fields": {"title": "wee", "photographer": null, "image": "/home/redtide-mods/rt_www/media/photos/ec.JPG", "date": null, "gallery": 7, "desc": ""}}, {"pk": 142, "model": "photogallery.photo", "fields": {"title": "Day 8 - no more water, no more chlorine, please, so cold...", "photographer": null, "image": "/home/redtide-mods/rt_www/media/photos/SU.JPG", "date": null, "gallery": 7, "desc": ""}}, {"pk": 143, "model": "photogallery.photo", "fields": {"title": "Day 8: Coaches on deck", "photographer": null, "image": "/home/redtide-mods/rt_www/media/photos/TY.JPG", "date": null, "gallery": 7, "desc": ""}}, {"pk": 144, "model": "photogallery.photo", "fields": {"title": "", "photographer": null, "image": "/home/redtide-mods/rt_www/media/photos/d72a28cfb94f013597fa866497642e06.jpg", "date": null, "gallery": 13, "desc": ""}}, {"pk": 145, "model": "photogallery.photo", "fields": {"title": "", "photographer": null, "image": "/home/redtide-mods/rt_www/media/photos/7e5a897e2ce5b3be82f46c329b528a0e.jpg", "date": null, "gallery": 13, "desc": ""}}, {"pk": 146, "model": "photogallery.photo", "fields": {"title": "", "photographer": null, "image": "/home/redtide-mods/rt_www/media/photos/1a8e0316a66359697ed8abcea2c137b4.jpg", "date": null, "gallery": 13, "desc": ""}}, {"pk": 147, "model": "photogallery.photo", "fields": {"title": "", "photographer": null, "image": "/home/redtide-mods/rt_www/media/photos/238ed730590dcf8bc72f513e7a87ee40.jpg", "date": null, "gallery": 13, "desc": ""}}, {"pk": 148, "model": "photogallery.photo", "fields": {"title": "", "photographer": null, "image": "/home/redtide-mods/rt_www/media/photos/649a62d8be4941373c55d1a61d7284a9.jpg", "date": null, "gallery": 13, "desc": ""}}, {"pk": 149, "model": "photogallery.photo", "fields": {"title": "", "photographer": null, "image": "/home/redtide-mods/rt_www/media/photos/2d87a0aeb4a842bfb0c3d7632a698ce4.jpg", "date": null, "gallery": 13, "desc": ""}}, {"pk": 150, "model": "photogallery.photo", "fields": {"title": "", "photographer": null, "image": "/home/redtide-mods/rt_www/media/photos/97e875bdcd360b659cb51bcfcdcf922f.jpg", "date": null, "gallery": 14, "desc": ""}}, {"pk": 151, "model": "photogallery.photo", "fields": {"title": "", "photographer": null, "image": "/home/redtide-mods/rt_www/media/photos/0b0d8f2c73109cfd16ac271eabffca4d.jpg", "date": null, "gallery": 14, "desc": ""}}, {"pk": 152, "model": "photogallery.photo", "fields": {"title": "", "photographer": null, "image": "/home/redtide-mods/rt_www/media/photos/a81492b4496b96ecd772ea368303e0fd.jpg", "date": null, "gallery": 14, "desc": ""}}, {"pk": 153, "model": "photogallery.photo", "fields": {"title": "", "photographer": null, "image": "/home/redtide-mods/rt_www/media/photos/4f8aebe030f81fb5cd9d20ef0c01ac60.jpg", "date": null, "gallery": 14, "desc": ""}}, {"pk": 154, "model": "photogallery.photo", "fields": {"title": "", "photographer": null, "image": "/home/redtide-mods/rt_www/media/photos/202c37f4b98736688ff54c22e4e445e0.jpg", "date": null, "gallery": 14, "desc": ""}}, {"pk": 155, "model": "photogallery.photo", "fields": {"title": "", "photographer": null, "image": "/home/redtide-mods/rt_www/media/photos/2d8948a747d37be2076e990672bd046e.jpg", "date": null, "gallery": 14, "desc": ""}}, {"pk": 156, "model": "photogallery.photo", "fields": {"title": "", "photographer": null, "image": "/home/redtide-mods/rt_www/media/photos/88f9c473d58048976a50421b637e4f84.jpg", "date": null, "gallery": 14, "desc": ""}}, {"pk": 157, "model": "photogallery.photo", "fields": {"title": "", "photographer": null, "image": "/home/redtide-mods/rt_www/media/photos/7edb0cb06104cde73e75add5feca3cca.jpg", "date": null, "gallery": 14, "desc": ""}}, {"pk": 158, "model": "photogallery.photo", "fields": {"title": "", "photographer": null, "image": "/home/redtide-mods/rt_www/media/photos/a18c2efeba9ffc3dd142ffc77e8e04a7.jpg", "date": null, "gallery": 14, "desc": ""}}, {"pk": 159, "model": "photogallery.photo", "fields": {"title": "", "photographer": null, "image": "/home/redtide-mods/rt_www/media/photos/d9baa7416b0e1696403bc93501a48fc7.jpg", "date": null, "gallery": 14, "desc": ""}}, {"pk": 160, "model": "photogallery.photo", "fields": {"title": "", "photographer": null, "image": "/home/redtide-mods/rt_www/media/photos/a9ea29f79d1c5030cb10a490b4aac7f8.jpg", "date": null, "gallery": 14, "desc": ""}}, {"pk": 161, "model": "photogallery.photo", "fields": {"title": "", "photographer": null, "image": "/home/redtide-mods/rt_www/media/photos/6a4dc8b283ed4d652da88f8edc9438bf.jpg", "date": null, "gallery": 14, "desc": ""}}, {"pk": 162, "model": "photogallery.photo", "fields": {"title": "", "photographer": null, "image": "/home/redtide-mods/rt_www/media/photos/602108acb7bdb2e9e7d6b4e896b43a21.jpg", "date": null, "gallery": 14, "desc": ""}}, {"pk": 163, "model": "photogallery.photo", "fields": {"title": "", "photographer": null, "image": "/home/redtide-mods/rt_www/media/photos/a53ff981348f87731b839bb5d875ceee.jpg", "date": null, "gallery": 14, "desc": ""}}, {"pk": 164, "model": "photogallery.photo", "fields": {"title": "", "photographer": null, "image": "/home/redtide-mods/rt_www/media/photos/7841161e73f92377543783cf092203b5.jpg", "date": null, "gallery": 14, "desc": ""}}, {"pk": 165, "model": "photogallery.photo", "fields": {"title": "", "photographer": null, "image": "/home/redtide-mods/rt_www/media/photos/ccd9961d8566a7bca37358127947a3c0.jpg", "date": null, "gallery": 14, "desc": ""}}, {"pk": 166, "model": "photogallery.photo", "fields": {"title": "", "photographer": null, "image": "/home/redtide-mods/rt_www/media/photos/5641122050d36a935b4c857fc3e5f8ee.jpg", "date": null, "gallery": 14, "desc": ""}}, {"pk": 167, "model": "photogallery.photo", "fields": {"title": "", "photographer": null, "image": "/home/redtide-mods/rt_www/media/photos/27c047bff1ac50657afec9f3f8495f5d.jpg", "date": null, "gallery": 14, "desc": ""}}, {"pk": 168, "model": "photogallery.photo", "fields": {"title": "", "photographer": null, "image": "/home/redtide-mods/rt_www/media/photos/0d28aab3d2fa92eb93cc3b149e91ab95.jpg", "date": null, "gallery": 14, "desc": ""}}, {"pk": 169, "model": "photogallery.photo", "fields": {"title": "", "photographer": null, "image": "/home/redtide-mods/rt_www/media/photos/963ee030327273edc00c31335b03254f.jpg", "date": null, "gallery": 14, "desc": ""}}, {"pk": 170, "model": "photogallery.photo", "fields": {"title": "", "photographer": null, "image": "/home/redtide-mods/rt_www/media/photos/93df40cf6163f9a0b5e69404bfde62ba.jpg", "date": null, "gallery": 14, "desc": ""}}, {"pk": 171, "model": "photogallery.photo", "fields": {"title": "", "photographer": null, "image": "/home/redtide-mods/rt_www/media/photos/392b2420f6360462432ad6d677939fe9.jpg", "date": null, "gallery": 14, "desc": ""}}, {"pk": 172, "model": "photogallery.photo", "fields": {"title": "", "photographer": null, "image": "/home/redtide-mods/rt_www/media/photos/4fd33d17f59e21c9201af95e0e9e7a30.jpg", "date": null, "gallery": 14, "desc": ""}}, {"pk": 173, "model": "photogallery.photo", "fields": {"title": "", "photographer": null, "image": "/home/redtide-mods/rt_www/media/photos/41645af81ed37019c969fe598ca04e90.jpg", "date": null, "gallery": 14, "desc": ""}}, {"pk": 174, "model": "photogallery.photo", "fields": {"title": "", "photographer": null, "image": "/home/redtide-mods/rt_www/media/photos/31e0a783f94af9cf950c4581bc44e1cd.jpg", "date": null, "gallery": 14, "desc": ""}}, {"pk": 175, "model": "photogallery.photo", "fields": {"title": "", "photographer": null, "image": "/home/redtide-mods/rt_www/media/photos/104c207455ef4c570bd2c5dc5e63600e.jpg", "date": null, "gallery": 14, "desc": ""}}, {"pk": 176, "model": "photogallery.photo", "fields": {"title": "", "photographer": null, "image": "/home/redtide-mods/rt_www/media/photos/868245017879b0cd161f74c73dee6743.jpg", "date": null, "gallery": 14, "desc": ""}}, {"pk": 177, "model": "photogallery.photo", "fields": {"title": "", "photographer": null, "image": "/home/redtide-mods/rt_www/media/photos/c62ae26e1c52e837e8fcf9b381361c57.jpg", "date": null, "gallery": 14, "desc": ""}}, {"pk": 178, "model": "photogallery.photo", "fields": {"title": "", "photographer": null, "image": "/home/redtide-mods/rt_www/media/photos/aa0fde9388a914ab1bbc247a0c478e77.jpg", "date": null, "gallery": 14, "desc": ""}}, {"pk": 179, "model": "photogallery.photo", "fields": {"title": "", "photographer": null, "image": "/home/redtide-mods/rt_www/media/photos/e5f6eef34697d6106a362f20e67e2353.jpg", "date": null, "gallery": 14, "desc": ""}}, {"pk": 180, "model": "photogallery.photo", "fields": {"title": "", "photographer": null, "image": "/home/redtide-mods/rt_www/media/photos/01e4e79f303bef9bc66879896dbba849.jpg", "date": null, "gallery": 14, "desc": ""}}, {"pk": 181, "model": "photogallery.photo", "fields": {"title": "", "photographer": null, "image": "/home/redtide-mods/rt_www/media/photos/67b78ad98e6ba14ae51e1aeddb26e288.jpg", "date": null, "gallery": 14, "desc": ""}}, {"pk": 182, "model": "photogallery.photo", "fields": {"title": "", "photographer": null, "image": "/home/redtide-mods/rt_www/media/photos/05615673bd17d39f643675181aa41450.jpg", "date": null, "gallery": 14, "desc": ""}}, {"pk": 183, "model": "photogallery.photo", "fields": {"title": "", "photographer": null, "image": "/home/redtide-mods/rt_www/media/photos/0cfecbc6f391e43bb04bb47041b61f18.jpg", "date": null, "gallery": 14, "desc": ""}}, {"pk": 184, "model": "photogallery.photo", "fields": {"title": "", "photographer": null, "image": "/home/redtide-mods/rt_www/media/photos/28c35d4bd17d9be637162784796c919f.jpg", "date": null, "gallery": 14, "desc": ""}}, {"pk": 185, "model": "photogallery.photo", "fields": {"title": "", "photographer": null, "image": "/home/redtide-mods/rt_www/media/photos/119bf536462a11cb494cdd5f7250b787.jpg", "date": null, "gallery": 14, "desc": ""}}, {"pk": 186, "model": "photogallery.photo", "fields": {"title": "", "photographer": null, "image": "/home/redtide-mods/rt_www/media/photos/7f32fd0880b22d565b63574c80ee6774.jpg", "date": null, "gallery": 14, "desc": ""}}, {"pk": 187, "model": "photogallery.photo", "fields": {"title": "", "photographer": null, "image": "/home/redtide-mods/rt_www/media/photos/5034bb82b2634d4dbcaac1aef76052d6.jpg", "date": null, "gallery": 14, "desc": ""}}, {"pk": 188, "model": "photogallery.photo", "fields": {"title": "", "photographer": null, "image": "/home/redtide-mods/rt_www/media/photos/5921362e0688f381e114f784a098923f.jpg", "date": null, "gallery": 14, "desc": ""}}, {"pk": 189, "model": "photogallery.photo", "fields": {"title": "", "photographer": null, "image": "/home/redtide-mods/rt_www/media/photos/50ffa323fafd9570458fa6ce0b4ef98b.jpg", "date": null, "gallery": 14, "desc": ""}}, {"pk": 190, "model": "photogallery.photo", "fields": {"title": "", "photographer": null, "image": "/home/redtide-mods/rt_www/media/photos/c017fcbdec189d932655605550864f4c.jpg", "date": null, "gallery": 14, "desc": ""}}, {"pk": 191, "model": "photogallery.photo", "fields": {"title": "", "photographer": null, "image": "/home/redtide-mods/rt_www/media/photos/ba5d4e7732d48a5c4c1af2a9963609e7.jpg", "date": null, "gallery": 14, "desc": ""}}, {"pk": 192, "model": "photogallery.photo", "fields": {"title": "", "photographer": null, "image": "/home/redtide-mods/rt_www/media/photos/6263995caee1fa5f4f3832d9a9b3d958.jpg", "date": null, "gallery": 14, "desc": ""}}, {"pk": 193, "model": "photogallery.photo", "fields": {"title": "", "photographer": null, "image": "/home/redtide-mods/rt_www/media/photos/1d171d06f946a154750200a09b197141.jpg", "date": null, "gallery": 14, "desc": ""}}, {"pk": 194, "model": "photogallery.photo", "fields": {"title": "", "photographer": null, "image": "/home/redtide-mods/rt_www/media/photos/fc14dd78734f6cd6e4465378d108a4bf.jpg", "date": null, "gallery": 14, "desc": ""}}, {"pk": 195, "model": "photogallery.photo", "fields": {"title": "", "photographer": null, "image": "/home/redtide-mods/rt_www/media/photos/c4cc81b42c5f0c5980c1dc0b8a520f4f.jpg", "date": null, "gallery": 14, "desc": ""}}, {"pk": 196, "model": "photogallery.photo", "fields": {"title": "", "photographer": null, "image": "/home/redtide-mods/rt_www/media/photos/2a6a6db0838e723c70b7bc2c3882df4b.jpg", "date": null, "gallery": 14, "desc": ""}}, {"pk": 197, "model": "photogallery.photo", "fields": {"title": "", "photographer": null, "image": "/home/redtide-mods/rt_www/media/photos/ba642d0575b4b5b844b4f1a4698407c8.jpg", "date": null, "gallery": 14, "desc": ""}}, {"pk": 198, "model": "photogallery.photo", "fields": {"title": "", "photographer": null, "image": "/home/redtide-mods/rt_www/media/photos/6eb084832b5994e6b2edc93859f99f43.jpg", "date": null, "gallery": 14, "desc": ""}}, {"pk": 199, "model": "photogallery.photo", "fields": {"title": "", "photographer": null, "image": "/home/redtide-mods/rt_www/media/photos/d481e11c599c6e3856bb6188aa0ea6d2.jpg", "date": null, "gallery": 14, "desc": ""}}, {"pk": 200, "model": "photogallery.photo", "fields": {"title": "", "photographer": null, "image": "/home/redtide-mods/rt_www/media/photos/99596160416d795aeccec6ae90049a1e.jpg", "date": null, "gallery": 14, "desc": ""}}, {"pk": 201, "model": "photogallery.photo", "fields": {"title": "", "photographer": null, "image": "/home/redtide-mods/rt_www/media/photos/fed85d074c1091853aa81d2a27495239.jpg", "date": null, "gallery": 14, "desc": ""}}, {"pk": 202, "model": "photogallery.photo", "fields": {"title": "", "photographer": null, "image": "/home/redtide-mods/rt_www/media/photos/66ebb0ae160ae265c3f5cb2fca8cb1ec.jpg", "date": null, "gallery": 14, "desc": ""}}, {"pk": 203, "model": "photogallery.photo", "fields": {"title": "", "photographer": null, "image": "/home/redtide-mods/rt_www/media/photos/daf721dfbf84d985a0265501e5a18b62.jpg", "date": null, "gallery": 14, "desc": ""}}, {"pk": 204, "model": "photogallery.photo", "fields": {"title": "", "photographer": null, "image": "/home/redtide-mods/rt_www/media/photos/eb79c51fafb52ece90bbdfd4c0ea92ba.jpg", "date": null, "gallery": 14, "desc": ""}}, {"pk": 205, "model": "photogallery.photo", "fields": {"title": "", "photographer": null, "image": "/home/redtide-mods/rt_www/media/photos/dc440013f7509e985e12e49390b0deed.jpg", "date": null, "gallery": 14, "desc": ""}}, {"pk": 206, "model": "photogallery.photo", "fields": {"title": "", "photographer": null, "image": "/home/redtide-mods/rt_www/media/photos/26ca46e1412710dbddcb301f64cad387.jpg", "date": null, "gallery": 14, "desc": ""}}, {"pk": 207, "model": "photogallery.photo", "fields": {"title": "", "photographer": null, "image": "/home/redtide-mods/rt_www/media/photos/444bfa53b67f791efe718372c81a1d26.jpg", "date": null, "gallery": 14, "desc": ""}}, {"pk": 208, "model": "photogallery.photo", "fields": {"title": "", "photographer": null, "image": "/home/redtide-mods/rt_www/media/photos/3222e0912f01ee56d08dfef79be3af6c.jpg", "date": null, "gallery": 14, "desc": ""}}, {"pk": 209, "model": "photogallery.photo", "fields": {"title": "", "photographer": null, "image": "/home/redtide-mods/rt_www/media/photos/70e2f72691f5617da97ad019321e4a40.jpg", "date": null, "gallery": 14, "desc": ""}}, {"pk": 210, "model": "photogallery.photo", "fields": {"title": "", "photographer": null, "image": "/home/redtide-mods/rt_www/media/photos/0c9232f4e232a176e01a5b64d63d9686.jpg", "date": null, "gallery": 14, "desc": ""}}, {"pk": 211, "model": "photogallery.photo", "fields": {"title": "", "photographer": null, "image": "/home/redtide-mods/rt_www/media/photos/e1e74b7c2ac127cd87d0be4beb0a0998.jpg", "date": null, "gallery": 14, "desc": ""}}, {"pk": 212, "model": "photogallery.photo", "fields": {"title": "", "photographer": null, "image": "/home/redtide-mods/rt_www/media/photos/f6067e5d30719a8a4600b30f17ca8e36.jpg", "date": null, "gallery": 14, "desc": ""}}, {"pk": 213, "model": "photogallery.photo", "fields": {"title": "", "photographer": null, "image": "/home/redtide-mods/rt_www/media/photos/a159bb603799ca6f70008cbc64289243.jpg", "date": null, "gallery": 14, "desc": ""}}, {"pk": 214, "model": "photogallery.photo", "fields": {"title": "", "photographer": null, "image": "/home/redtide-mods/rt_www/media/photos/35b2ac37efb7fa78d0cc57b010328556.jpg", "date": null, "gallery": 14, "desc": ""}}, {"pk": 215, "model": "photogallery.photo", "fields": {"title": "", "photographer": null, "image": "/home/redtide-mods/rt_www/media/photos/3ac05d22b5cefb3c573a59cc0f753319.jpg", "date": null, "gallery": 14, "desc": ""}}, {"pk": 216, "model": "photogallery.photo", "fields": {"title": "", "photographer": null, "image": "/home/redtide-mods/rt_www/media/photos/2de6f3eb95299968842faa4af1a9da31.jpg", "date": null, "gallery": 14, "desc": ""}}, {"pk": 217, "model": "photogallery.photo", "fields": {"title": "", "photographer": null, "image": "/home/redtide-mods/rt_www/media/photos/5a7afd16c4916bd4a16342392f47a049.jpg", "date": null, "gallery": 14, "desc": ""}}, {"pk": 218, "model": "photogallery.photo", "fields": {"title": "", "photographer": null, "image": "/home/redtide-mods/rt_www/media/photos/6c0d1872fe2f8e0309d96b4b5a7e51ab.jpg", "date": null, "gallery": 14, "desc": ""}}, {"pk": 219, "model": "photogallery.photo", "fields": {"title": "", "photographer": null, "image": "/home/redtide-mods/rt_www/media/photos/cd7fec10a1106a7bd05ecbb691d35b60.jpg", "date": null, "gallery": 14, "desc": ""}}, {"pk": 220, "model": "photogallery.photo", "fields": {"title": "", "photographer": null, "image": "/home/redtide-mods/rt_www/media/photos/4907a8279a44a31595b3ad445131d9ec.jpg", "date": null, "gallery": 14, "desc": ""}}, {"pk": 221, "model": "photogallery.photo", "fields": {"title": "", "photographer": null, "image": "/home/redtide-mods/rt_www/media/photos/4bc1a08c31de33000fd97e3898f4a7e0.jpg", "date": null, "gallery": 14, "desc": ""}}, {"pk": 222, "model": "photogallery.photo", "fields": {"title": "", "photographer": null, "image": "/home/redtide-mods/rt_www/media/photos/9b9d05341fe36701947b6d0d8aae323e.jpg", "date": null, "gallery": 14, "desc": ""}}, {"pk": 223, "model": "photogallery.photo", "fields": {"title": "", "photographer": null, "image": "/home/redtide-mods/rt_www/media/photos/904a9814b74f1aa6c41c74c2b32a871e.jpg", "date": null, "gallery": 14, "desc": ""}}, {"pk": 224, "model": "photogallery.photo", "fields": {"title": "", "photographer": null, "image": "/home/redtide-mods/rt_www/media/photos/25304de984d826f0d137741fd5a26cc3.jpg", "date": null, "gallery": 14, "desc": ""}}, {"pk": 225, "model": "photogallery.photo", "fields": {"title": "", "photographer": null, "image": "/home/redtide-mods/rt_www/media/photos/59d34c869939ff849a5d0160a517cfdd.jpg", "date": null, "gallery": 14, "desc": ""}}, {"pk": 226, "model": "photogallery.photo", "fields": {"title": "", "photographer": null, "image": "/home/redtide-mods/rt_www/media/photos/2702224023f219b6a38c6b569dc3eb64.jpg", "date": null, "gallery": 14, "desc": ""}}, {"pk": 227, "model": "photogallery.photo", "fields": {"title": "", "photographer": null, "image": "/home/redtide-mods/rt_www/media/photos/c7eea4aa5c0ca6a7b22af7267f72bbf7.jpg", "date": null, "gallery": 14, "desc": ""}}, {"pk": 228, "model": "photogallery.photo", "fields": {"title": "", "photographer": null, "image": "/home/redtide-mods/rt_www/media/photos/bdd76c94924278a9ddb90ad77763e02c.jpg", "date": null, "gallery": 14, "desc": ""}}, {"pk": 229, "model": "photogallery.photo", "fields": {"title": "", "photographer": null, "image": "/home/redtide-mods/rt_www/media/photos/05fdb6bf6c866fa69b0164448c75c1d9.jpg", "date": null, "gallery": 14, "desc": ""}}, {"pk": 4, "model": "photogallery.photoplace", "fields": {"photo": 9, "place": 0, "gallery": 3}}, {"pk": 5, "model": "photogallery.photoplace", "fields": {"photo": 10, "place": 1, "gallery": 3}}, {"pk": 6, "model": "photogallery.photoplace", "fields": {"photo": 11, "place": 2, "gallery": 3}}, {"pk": 7, "model": "photogallery.photoplace", "fields": {"photo": 13, "place": 3, "gallery": 3}}, {"pk": 8, "model": "photogallery.photoplace", "fields": {"photo": 14, "place": 4, "gallery": 3}}, {"pk": 9, "model": "photogallery.photoplace", "fields": {"photo": 15, "place": 5, "gallery": 3}}, {"pk": 10, "model": "photogallery.photoplace", "fields": {"photo": 16, "place": 6, "gallery": 3}}, {"pk": 11, "model": "photogallery.photoplace", "fields": {"photo": 17, "place": 7, "gallery": 3}}, {"pk": 12, "model": "photogallery.photoplace", "fields": {"photo": 18, "place": 0, "gallery": 4}}, {"pk": 13, "model": "photogallery.photoplace", "fields": {"photo": 19, "place": 1, "gallery": 4}}, {"pk": 14, "model": "photogallery.photoplace", "fields": {"photo": 20, "place": 2, "gallery": 4}}, {"pk": 15, "model": "photogallery.photoplace", "fields": {"photo": 21, "place": 3, "gallery": 4}}, {"pk": 16, "model": "photogallery.photoplace", "fields": {"photo": 22, "place": 4, "gallery": 4}}, {"pk": 17, "model": "photogallery.photoplace", "fields": {"photo": 23, "place": 5, "gallery": 4}}, {"pk": 18, "model": "photogallery.photoplace", "fields": {"photo": 24, "place": 6, "gallery": 4}}, {"pk": 19, "model": "photogallery.photoplace", "fields": {"photo": 25, "place": 7, "gallery": 4}}, {"pk": 20, "model": "photogallery.photoplace", "fields": {"photo": 26, "place": 8, "gallery": 4}}, {"pk": 21, "model": "photogallery.photoplace", "fields": {"photo": 27, "place": 9, "gallery": 4}}, {"pk": 22, "model": "photogallery.photoplace", "fields": {"photo": 28, "place": 10, "gallery": 4}}, {"pk": 23, "model": "photogallery.photoplace", "fields": {"photo": 29, "place": 11, "gallery": 4}}, {"pk": 24, "model": "photogallery.photoplace", "fields": {"photo": 30, "place": 12, "gallery": 4}}, {"pk": 25, "model": "photogallery.photoplace", "fields": {"photo": 31, "place": 13, "gallery": 4}}, {"pk": 26, "model": "photogallery.photoplace", "fields": {"photo": 32, "place": 14, "gallery": 4}}, {"pk": 27, "model": "photogallery.photoplace", "fields": {"photo": 33, "place": 15, "gallery": 4}}, {"pk": 28, "model": "photogallery.photoplace", "fields": {"photo": 34, "place": 16, "gallery": 4}}, {"pk": 29, "model": "photogallery.photoplace", "fields": {"photo": 35, "place": 17, "gallery": 4}}, {"pk": 30, "model": "photogallery.photoplace", "fields": {"photo": 36, "place": 18, "gallery": 4}}, {"pk": 31, "model": "photogallery.photoplace", "fields": {"photo": 37, "place": 19, "gallery": 4}}, {"pk": 32, "model": "photogallery.photoplace", "fields": {"photo": 38, "place": 20, "gallery": 4}}, {"pk": 33, "model": "photogallery.photoplace", "fields": {"photo": 39, "place": 21, "gallery": 4}}, {"pk": 34, "model": "photogallery.photoplace", "fields": {"photo": 40, "place": 22, "gallery": 4}}, {"pk": 35, "model": "photogallery.photoplace", "fields": {"photo": 41, "place": 0, "gallery": 5}}, {"pk": 36, "model": "photogallery.photoplace", "fields": {"photo": 42, "place": 1, "gallery": 5}}, {"pk": 37, "model": "photogallery.photoplace", "fields": {"photo": 43, "place": 2, "gallery": 5}}, {"pk": 38, "model": "photogallery.photoplace", "fields": {"photo": 44, "place": 3, "gallery": 5}}, {"pk": 39, "model": "photogallery.photoplace", "fields": {"photo": 45, "place": 4, "gallery": 5}}, {"pk": 40, "model": "photogallery.photoplace", "fields": {"photo": 46, "place": 5, "gallery": 5}}, {"pk": 41, "model": "photogallery.photoplace", "fields": {"photo": 47, "place": 6, "gallery": 5}}, {"pk": 42, "model": "photogallery.photoplace", "fields": {"photo": 48, "place": 7, "gallery": 5}}, {"pk": 43, "model": "photogallery.photoplace", "fields": {"photo": 49, "place": 0, "gallery": 6}}, {"pk": 44, "model": "photogallery.photoplace", "fields": {"photo": 50, "place": 1, "gallery": 6}}, {"pk": 45, "model": "photogallery.photoplace", "fields": {"photo": 51, "place": 2, "gallery": 6}}, {"pk": 46, "model": "photogallery.photoplace", "fields": {"photo": 52, "place": 3, "gallery": 6}}, {"pk": 47, "model": "photogallery.photoplace", "fields": {"photo": 53, "place": 4, "gallery": 6}}, {"pk": 48, "model": "photogallery.photoplace", "fields": {"photo": 54, "place": 5, "gallery": 6}}, {"pk": 49, "model": "photogallery.photoplace", "fields": {"photo": 56, "place": 0, "gallery": 7}}, {"pk": 50, "model": "photogallery.photoplace", "fields": {"photo": 58, "place": 1, "gallery": 7}}, {"pk": 51, "model": "photogallery.photoplace", "fields": {"photo": 59, "place": 2, "gallery": 7}}, {"pk": 52, "model": "photogallery.photoplace", "fields": {"photo": 61, "place": 3, "gallery": 7}}, {"pk": 53, "model": "photogallery.photoplace", "fields": {"photo": 64, "place": 4, "gallery": 7}}, {"pk": 54, "model": "photogallery.photoplace", "fields": {"photo": 65, "place": 5, "gallery": 7}}, {"pk": 55, "model": "photogallery.photoplace", "fields": {"photo": 67, "place": 6, "gallery": 7}}, {"pk": 56, "model": "photogallery.photoplace", "fields": {"photo": 68, "place": 7, "gallery": 7}}, {"pk": 57, "model": "photogallery.photoplace", "fields": {"photo": 69, "place": 8, "gallery": 7}}, {"pk": 58, "model": "photogallery.photoplace", "fields": {"photo": 70, "place": 9, "gallery": 7}}, {"pk": 59, "model": "photogallery.photoplace", "fields": {"photo": 71, "place": 10, "gallery": 7}}, {"pk": 60, "model": "photogallery.photoplace", "fields": {"photo": 72, "place": 11, "gallery": 7}}, {"pk": 61, "model": "photogallery.photoplace", "fields": {"photo": 73, "place": 12, "gallery": 7}}, {"pk": 62, "model": "photogallery.photoplace", "fields": {"photo": 74, "place": 13, "gallery": 7}}, {"pk": 63, "model": "photogallery.photoplace", "fields": {"photo": 75, "place": 14, "gallery": 7}}, {"pk": 64, "model": "photogallery.photoplace", "fields": {"photo": 76, "place": 15, "gallery": 7}}, {"pk": 65, "model": "photogallery.photoplace", "fields": {"photo": 78, "place": 16, "gallery": 7}}, {"pk": 66, "model": "photogallery.photoplace", "fields": {"photo": 114, "place": 17, "gallery": 7}}, {"pk": 67, "model": "photogallery.photoplace", "fields": {"photo": 115, "place": 18, "gallery": 7}}, {"pk": 68, "model": "photogallery.photoplace", "fields": {"photo": 116, "place": 19, "gallery": 7}}, {"pk": 69, "model": "photogallery.photoplace", "fields": {"photo": 117, "place": 20, "gallery": 7}}, {"pk": 70, "model": "photogallery.photoplace", "fields": {"photo": 118, "place": 21, "gallery": 7}}, {"pk": 71, "model": "photogallery.photoplace", "fields": {"photo": 119, "place": 22, "gallery": 7}}, {"pk": 72, "model": "photogallery.photoplace", "fields": {"photo": 120, "place": 23, "gallery": 7}}, {"pk": 73, "model": "photogallery.photoplace", "fields": {"photo": 121, "place": 24, "gallery": 7}}, {"pk": 74, "model": "photogallery.photoplace", "fields": {"photo": 122, "place": 25, "gallery": 7}}, {"pk": 75, "model": "photogallery.photoplace", "fields": {"photo": 124, "place": 26, "gallery": 7}}, {"pk": 76, "model": "photogallery.photoplace", "fields": {"photo": 125, "place": 27, "gallery": 7}}, {"pk": 77, "model": "photogallery.photoplace", "fields": {"photo": 126, "place": 28, "gallery": 7}}, {"pk": 78, "model": "photogallery.photoplace", "fields": {"photo": 127, "place": 29, "gallery": 7}}, {"pk": 79, "model": "photogallery.photoplace", "fields": {"photo": 129, "place": 30, "gallery": 7}}, {"pk": 80, "model": "photogallery.photoplace", "fields": {"photo": 135, "place": 31, "gallery": 7}}, {"pk": 81, "model": "photogallery.photoplace", "fields": {"photo": 136, "place": 32, "gallery": 7}}, {"pk": 82, "model": "photogallery.photoplace", "fields": {"photo": 137, "place": 33, "gallery": 7}}, {"pk": 83, "model": "photogallery.photoplace", "fields": {"photo": 138, "place": 34, "gallery": 7}}, {"pk": 84, "model": "photogallery.photoplace", "fields": {"photo": 139, "place": 35, "gallery": 7}}, {"pk": 85, "model": "photogallery.photoplace", "fields": {"photo": 141, "place": 36, "gallery": 7}}, {"pk": 86, "model": "photogallery.photoplace", "fields": {"photo": 142, "place": 37, "gallery": 7}}, {"pk": 87, "model": "photogallery.photoplace", "fields": {"photo": 143, "place": 38, "gallery": 7}}, {"pk": 88, "model": "photogallery.photoplace", "fields": {"photo": 83, "place": 0, "gallery": 8}}, {"pk": 89, "model": "photogallery.photoplace", "fields": {"photo": 84, "place": 1, "gallery": 8}}, {"pk": 90, "model": "photogallery.photoplace", "fields": {"photo": 85, "place": 2, "gallery": 8}}, {"pk": 91, "model": "photogallery.photoplace", "fields": {"photo": 86, "place": 3, "gallery": 8}}, {"pk": 92, "model": "photogallery.photoplace", "fields": {"photo": 87, "place": 4, "gallery": 8}}, {"pk": 93, "model": "photogallery.photoplace", "fields": {"photo": 89, "place": 5, "gallery": 8}}, {"pk": 94, "model": "photogallery.photoplace", "fields": {"photo": 91, "place": 6, "gallery": 8}}, {"pk": 95, "model": "photogallery.photoplace", "fields": {"photo": 88, "place": 0, "gallery": 9}}, {"pk": 96, "model": "photogallery.photoplace", "fields": {"photo": 90, "place": 1, "gallery": 9}}, {"pk": 97, "model": "photogallery.photoplace", "fields": {"photo": 82, "place": 0, "gallery": 12}}, {"pk": 98, "model": "photogallery.photoplace", "fields": {"photo": 101, "place": 1, "gallery": 12}}, {"pk": 99, "model": "photogallery.photoplace", "fields": {"photo": 103, "place": 2, "gallery": 12}}, {"pk": 100, "model": "photogallery.photoplace", "fields": {"photo": 104, "place": 3, "gallery": 12}}, {"pk": 101, "model": "photogallery.photoplace", "fields": {"photo": 105, "place": 4, "gallery": 12}}, {"pk": 102, "model": "photogallery.photoplace", "fields": {"photo": 107, "place": 5, "gallery": 12}}, {"pk": 103, "model": "photogallery.photoplace", "fields": {"photo": 108, "place": 6, "gallery": 12}}, {"pk": 104, "model": "photogallery.photoplace", "fields": {"photo": 109, "place": 7, "gallery": 12}}, {"pk": 105, "model": "photogallery.photoplace", "fields": {"photo": 111, "place": 8, "gallery": 12}}, {"pk": 106, "model": "photogallery.photoplace", "fields": {"photo": 113, "place": 9, "gallery": 12}}, {"pk": 107, "model": "photogallery.photoplace", "fields": {"photo": 144, "place": 0, "gallery": 13}}, {"pk": 108, "model": "photogallery.photoplace", "fields": {"photo": 145, "place": 1, "gallery": 13}}, {"pk": 109, "model": "photogallery.photoplace", "fields": {"photo": 146, "place": 2, "gallery": 13}}, {"pk": 110, "model": "photogallery.photoplace", "fields": {"photo": 147, "place": 3, "gallery": 13}}, {"pk": 111, "model": "photogallery.photoplace", "fields": {"photo": 148, "place": 4, "gallery": 13}}, {"pk": 112, "model": "photogallery.photoplace", "fields": {"photo": 149, "place": 5, "gallery": 13}}, {"pk": 113, "model": "photogallery.photoplace", "fields": {"photo": 150, "place": 0, "gallery": 14}}, {"pk": 114, "model": "photogallery.photoplace", "fields": {"photo": 151, "place": 1, "gallery": 14}}, {"pk": 115, "model": "photogallery.photoplace", "fields": {"photo": 152, "place": 2, "gallery": 14}}, {"pk": 116, "model": "photogallery.photoplace", "fields": {"photo": 153, "place": 3, "gallery": 14}}, {"pk": 117, "model": "photogallery.photoplace", "fields": {"photo": 154, "place": 4, "gallery": 14}}, {"pk": 118, "model": "photogallery.photoplace", "fields": {"photo": 155, "place": 5, "gallery": 14}}, {"pk": 119, "model": "photogallery.photoplace", "fields": {"photo": 156, "place": 6, "gallery": 14}}, {"pk": 120, "model": "photogallery.photoplace", "fields": {"photo": 157, "place": 7, "gallery": 14}}, {"pk": 121, "model": "photogallery.photoplace", "fields": {"photo": 158, "place": 8, "gallery": 14}}, {"pk": 122, "model": "photogallery.photoplace", "fields": {"photo": 159, "place": 9, "gallery": 14}}, {"pk": 123, "model": "photogallery.photoplace", "fields": {"photo": 160, "place": 10, "gallery": 14}}, {"pk": 124, "model": "photogallery.photoplace", "fields": {"photo": 161, "place": 11, "gallery": 14}}, {"pk": 125, "model": "photogallery.photoplace", "fields": {"photo": 162, "place": 12, "gallery": 14}}, {"pk": 126, "model": "photogallery.photoplace", "fields": {"photo": 163, "place": 13, "gallery": 14}}, {"pk": 127, "model": "photogallery.photoplace", "fields": {"photo": 164, "place": 14, "gallery": 14}}, {"pk": 128, "model": "photogallery.photoplace", "fields": {"photo": 165, "place": 15, "gallery": 14}}, {"pk": 129, "model": "photogallery.photoplace", "fields": {"photo": 166, "place": 16, "gallery": 14}}, {"pk": 130, "model": "photogallery.photoplace", "fields": {"photo": 167, "place": 17, "gallery": 14}}, {"pk": 131, "model": "photogallery.photoplace", "fields": {"photo": 168, "place": 18, "gallery": 14}}, {"pk": 132, "model": "photogallery.photoplace", "fields": {"photo": 169, "place": 19, "gallery": 14}}, {"pk": 133, "model": "photogallery.photoplace", "fields": {"photo": 170, "place": 20, "gallery": 14}}, {"pk": 134, "model": "photogallery.photoplace", "fields": {"photo": 171, "place": 21, "gallery": 14}}, {"pk": 135, "model": "photogallery.photoplace", "fields": {"photo": 172, "place": 22, "gallery": 14}}, {"pk": 136, "model": "photogallery.photoplace", "fields": {"photo": 173, "place": 23, "gallery": 14}}, {"pk": 137, "model": "photogallery.photoplace", "fields": {"photo": 174, "place": 24, "gallery": 14}}, {"pk": 138, "model": "photogallery.photoplace", "fields": {"photo": 175, "place": 25, "gallery": 14}}, {"pk": 139, "model": "photogallery.photoplace", "fields": {"photo": 176, "place": 26, "gallery": 14}}, {"pk": 140, "model": "photogallery.photoplace", "fields": {"photo": 177, "place": 27, "gallery": 14}}, {"pk": 141, "model": "photogallery.photoplace", "fields": {"photo": 178, "place": 28, "gallery": 14}}, {"pk": 142, "model": "photogallery.photoplace", "fields": {"photo": 179, "place": 29, "gallery": 14}}, {"pk": 143, "model": "photogallery.photoplace", "fields": {"photo": 180, "place": 30, "gallery": 14}}, {"pk": 144, "model": "photogallery.photoplace", "fields": {"photo": 181, "place": 31, "gallery": 14}}, {"pk": 145, "model": "photogallery.photoplace", "fields": {"photo": 182, "place": 32, "gallery": 14}}, {"pk": 146, "model": "photogallery.photoplace", "fields": {"photo": 183, "place": 33, "gallery": 14}}, {"pk": 147, "model": "photogallery.photoplace", "fields": {"photo": 184, "place": 34, "gallery": 14}}, {"pk": 148, "model": "photogallery.photoplace", "fields": {"photo": 185, "place": 35, "gallery": 14}}, {"pk": 149, "model": "photogallery.photoplace", "fields": {"photo": 186, "place": 36, "gallery": 14}}, {"pk": 150, "model": "photogallery.photoplace", "fields": {"photo": 187, "place": 37, "gallery": 14}}, {"pk": 151, "model": "photogallery.photoplace", "fields": {"photo": 188, "place": 38, "gallery": 14}}, {"pk": 152, "model": "photogallery.photoplace", "fields": {"photo": 189, "place": 39, "gallery": 14}}, {"pk": 153, "model": "photogallery.photoplace", "fields": {"photo": 190, "place": 40, "gallery": 14}}, {"pk": 154, "model": "photogallery.photoplace", "fields": {"photo": 191, "place": 41, "gallery": 14}}, {"pk": 155, "model": "photogallery.photoplace", "fields": {"photo": 192, "place": 42, "gallery": 14}}, {"pk": 156, "model": "photogallery.photoplace", "fields": {"photo": 193, "place": 43, "gallery": 14}}, {"pk": 157, "model": "photogallery.photoplace", "fields": {"photo": 194, "place": 44, "gallery": 14}}, {"pk": 158, "model": "photogallery.photoplace", "fields": {"photo": 195, "place": 45, "gallery": 14}}, {"pk": 159, "model": "photogallery.photoplace", "fields": {"photo": 196, "place": 46, "gallery": 14}}, {"pk": 160, "model": "photogallery.photoplace", "fields": {"photo": 197, "place": 47, "gallery": 14}}, {"pk": 161, "model": "photogallery.photoplace", "fields": {"photo": 198, "place": 48, "gallery": 14}}, {"pk": 162, "model": "photogallery.photoplace", "fields": {"photo": 199, "place": 49, "gallery": 14}}, {"pk": 163, "model": "photogallery.photoplace", "fields": {"photo": 200, "place": 50, "gallery": 14}}, {"pk": 164, "model": "photogallery.photoplace", "fields": {"photo": 201, "place": 51, "gallery": 14}}, {"pk": 165, "model": "photogallery.photoplace", "fields": {"photo": 202, "place": 52, "gallery": 14}}, {"pk": 166, "model": "photogallery.photoplace", "fields": {"photo": 203, "place": 53, "gallery": 14}}, {"pk": 167, "model": "photogallery.photoplace", "fields": {"photo": 204, "place": 54, "gallery": 14}}, {"pk": 168, "model": "photogallery.photoplace", "fields": {"photo": 205, "place": 55, "gallery": 14}}, {"pk": 169, "model": "photogallery.photoplace", "fields": {"photo": 206, "place": 56, "gallery": 14}}, {"pk": 170, "model": "photogallery.photoplace", "fields": {"photo": 207, "place": 57, "gallery": 14}}, {"pk": 171, "model": "photogallery.photoplace", "fields": {"photo": 208, "place": 58, "gallery": 14}}, {"pk": 172, "model": "photogallery.photoplace", "fields": {"photo": 209, "place": 59, "gallery": 14}}, {"pk": 173, "model": "photogallery.photoplace", "fields": {"photo": 210, "place": 60, "gallery": 14}}, {"pk": 174, "model": "photogallery.photoplace", "fields": {"photo": 211, "place": 61, "gallery": 14}}, {"pk": 175, "model": "photogallery.photoplace", "fields": {"photo": 212, "place": 62, "gallery": 14}}, {"pk": 176, "model": "photogallery.photoplace", "fields": {"photo": 213, "place": 63, "gallery": 14}}, {"pk": 177, "model": "photogallery.photoplace", "fields": {"photo": 214, "place": 64, "gallery": 14}}, {"pk": 178, "model": "photogallery.photoplace", "fields": {"photo": 215, "place": 65, "gallery": 14}}, {"pk": 179, "model": "photogallery.photoplace", "fields": {"photo": 216, "place": 66, "gallery": 14}}, {"pk": 180, "model": "photogallery.photoplace", "fields": {"photo": 217, "place": 67, "gallery": 14}}, {"pk": 181, "model": "photogallery.photoplace", "fields": {"photo": 218, "place": 68, "gallery": 14}}, {"pk": 182, "model": "photogallery.photoplace", "fields": {"photo": 219, "place": 69, "gallery": 14}}, {"pk": 183, "model": "photogallery.photoplace", "fields": {"photo": 220, "place": 70, "gallery": 14}}, {"pk": 184, "model": "photogallery.photoplace", "fields": {"photo": 221, "place": 71, "gallery": 14}}, {"pk": 185, "model": "photogallery.photoplace", "fields": {"photo": 222, "place": 72, "gallery": 14}}, {"pk": 186, "model": "photogallery.photoplace", "fields": {"photo": 223, "place": 73, "gallery": 14}}, {"pk": 187, "model": "photogallery.photoplace", "fields": {"photo": 224, "place": 74, "gallery": 14}}, {"pk": 188, "model": "photogallery.photoplace", "fields": {"photo": 225, "place": 75, "gallery": 14}}, {"pk": 189, "model": "photogallery.photoplace", "fields": {"photo": 226, "place": 76, "gallery": 14}}, {"pk": 190, "model": "photogallery.photoplace", "fields": {"photo": 227, "place": 77, "gallery": 14}}, {"pk": 191, "model": "photogallery.photoplace", "fields": {"photo": 228, "place": 78, "gallery": 14}}, {"pk": 192, "model": "photogallery.photoplace", "fields": {"photo": 229, "place": 79, "gallery": 14}}, {"pk": 193, "model": "photogallery.photoplace", "fields": {"photo": 6, "place": 0, "gallery": 2}}, {"pk": 194, "model": "photogallery.photoplace", "fields": {"photo": 7, "place": 1, "gallery": 2}}, {"pk": 195, "model": "photogallery.photoplace", "fields": {"photo": 8, "place": 2, "gallery": 2}}]
